Method,Tokens Before,Tokens After,Compression Ratio,Semantic Similarity,Compression Time (s),Model Size (MB),Total Cost
SemanticPruning,709,174,0.2454160789844852,0.9275305271148682,0.22832584381103516,90,174.16475273132323
Summarization,709,91,0.12834978843441466,0.8472194671630859,4.59473443031311,440,91.63872787714004
CrossLingual,709,317,0.44710860366713684,0.8990859985351562,15.426656723022461,600,317.8551805686951
